model,accuracy,accuracy_std,precision,precision_std,recall,recall_std,f1_score,f1_score_std,mse,mse_std,mae,mae_std,rmse,rmse_std
Yolov5,0.6154507295622627,0.0836008621901221,0.9551470667972352,0.006374218604611215,0.5134617940199335,0.11960828034431203,0.6587277833216939,0.10708178667100877,0.8460523685788527,0.15824862158380637,0.6116330201878872,0.09669560789034344,0.9158953362450329,0.0847826728963581
Yolov8,0.6836098340995402,0.07786613933209854,0.9456516647907307,0.01821191591073797,0.6174352159468439,0.12308748416455967,0.7385735193892381,0.08545264806306337,0.7050769538277034,0.13944816259619142,0.529222466520088,0.08774650015955231,0.8355776076795809,0.08298804354948731
Yolov12,0.7223066160303817,0.056636595946667256,0.946049391654836,0.014048296436473377,0.6705382059800664,0.09037730623784512,0.7804707189947045,0.05911376290431252,0.6395162902258644,0.11929503472633578,0.4810513691784929,0.071303376945427,0.7963473890387828,0.07312404663978826
RTDETR,0.724945032980212,0.06500560901716906,0.9033475673177895,0.025471346306927822,0.7130099667774086,0.1064732535643228,0.7912446593709177,0.06566205021522586,0.6386168299020587,0.13132005119098197,0.4906656006396162,0.08050472566136424,0.7950156934563479,0.08103627002880283
