model,accuracy,accuracy_std,precision,precision_std,recall,recall_std,f1_score,f1_score_std,mse,mse_std,mae,mae_std,rmse,rmse_std
Yolov5,0.19552511415525115,0.047797903751218826,0.9983193277310924,0.003361344537815114,0.07780104712041884,0.05497791059340782,0.13957838302495534,0.09314092166245619,1.4432876712328766,0.06644386363276321,1.0226484018264839,0.047873048550812196,1.2010482786153756,0.027761550171420468
Yolov8,0.20986301369863014,0.04938655397238229,0.9943632109671073,0.00798139776501466,0.09434554973821989,0.05672590641540872,0.16754640851059271,0.09309810183052265,1.4296803652968038,0.0599861677236943,1.0084931506849315,0.04933417522640992,1.1954279036478497,0.02514940311243356
Yolov12,0.25753424657534246,0.11143086951751144,0.997136177673875,0.0044517476240394545,0.14900523560209425,0.12804172040127348,0.23894268690223788,0.18285618528172698,1.3655707762557079,0.15037815735242685,0.9606392694063928,0.11162021768841839,1.166710780878901,0.0660055303489998
RTDETR,0.42146118721461184,0.17445193378184484,0.7918821341530398,0.395988204947362,0.34041884816753926,0.20242882538508014,0.4675453994447933,0.25808793379858375,1.1474885844748859,0.250267470188511,0.7949771689497716,0.17665296986598802,1.0647623185373607,0.11734474635802648
