model,accuracy,accuracy_std,precision,precision_std,recall,recall_std,f1_score,f1_score_std,mse,mse_std,mae,mae_std,rmse,rmse_std
Yolov5,0.2551868878672796,0.007937931997620428,0.9828932520875648,0.021174954264835625,0.00986046511627907,0.010868904684408284,0.019289329836179227,0.021170723353441796,1.5207075754547272,0.01474220887429109,1.0016590045972416,0.007937931997620409,1.233155184213674,0.005988914898944443
Yolov8,0.2588247051768939,0.01049140014500377,0.9727823967563382,0.02847940868990024,0.014963455149501662,0.014281257127442241,0.029076466991855378,0.027414429754261168,1.512292624425345,0.019867415555674398,0.9978812712372577,0.010683659962819256,1.229726421583167,0.00809644895026859
Yolov12,0.26462122726364184,0.017569151339277403,0.969282692790655,0.023556372689475226,0.02291029900332226,0.02423704600768866,0.043649600771138754,0.04534605375440793,1.502138716769938,0.031480990770386116,0.9919648211073355,0.01780376132138273,1.225549888864156,0.01289134108588953
RTDETR,0.2985008994603238,0.04977501025721723,0.784029734739857,0.3921712788824395,0.0693156146179402,0.0692710249340991,0.1217623098001176,0.11316643133898849,1.4518089146512092,0.0836459389897508,0.9580651609034578,0.05022137859290005,1.204392699667199,0.03531486428638033
